"Gemeentenaam","Aantal personenauto's FEV van natuurlijke personen en gekoppelde rechtspersonen","Aantal personenauto's FEV van natuurlijke personen","Aantal personenauto's FEV van rechtspersonen gekoppeld"
"Aa en Hunze","374","275","99"
"Aalsmeer","651","316","335"
"Aalten","193","122","71"
"Achtkarspelen","156","113","43"
"Alblasserdam","214","88","126"
"Albrandswaard","548","263","285"
"Alkmaar","1 244","704","540"
"Almelo","579","330","249"
"Almere","3 243","2 042","1 201"
"Alphen aan den Rijn","1 744","901","843"
"Alphen-Chaam","140","74","66"
"Altena","733","366","367"
"Ameland","17","16","1"
"Amersfoort","2 559","1 212","1 347"
"Amstelveen","1 438","769","669"
"Amsterdam","7 882","3 888","3 994"
"Apeldoorn","2 025","1 088","937"
"Arnhem","1 780","926","854"
"Assen","561","360","201"
"Asten","194","115","79"
"Baarle-Nassau","69","37","32"
"Baarn","389","201","188"
"Barendrecht","870","430","440"
"Barneveld","675","344","331"
"Beek (L.)","167","95","72"
"Beekdaelen","419","251","168"
"Beesel","122","76","46"
"Berg en Dal","389","252","137"
"Bergeijk","221","120","101"
"Bergen (L.)","121","83","38"
"Bergen (NH.)","535","325","210"
"Bergen op Zoom","685","389","296"
"Berkelland","406","281","125"
"Bernheze","431","256","175"
"Best","456","237","219"
"Beuningen","409","240","169"
"Beverwijk","407","242","165"
"De Bilt","814","382","432"
"Bladel","227","137","90"
"Blaricum","362","177","185"
"Bloemendaal","625","312","313"
"Bodegraven-Reeuwijk","568","287","281"
"Boekel","112","70","42"
"Borger-Odoorn","223","165","58"
"Borne","255","141","114"
"Borsele","255","167","88"
"Boxtel","472","252","220"
"Breda","2 708","1 230","1 478"
"Bronckhorst","497","326","171"
"Brummen","303","179","124"
"Brunssum","165","124","41"
"Bunnik","280","155","125"
"Bunschoten","274","119","155"
"Buren","494","286","208"
"Capelle aan den IJssel","751","372","379"
"Castricum","579","335","244"
"Coevorden","352","242","110"
"Cranendonck","239","132","107"
"Culemborg","430","241","189"
"Dalfsen","298","168","130"
"Dantumadiel","118","89","29"
"Delft","817","409","408"
"Deurne","327","195","132"
"Deventer","984","525","459"
"Diemen","344","200","144"
"Dijk en Waard","1 171","731","440"
"Dinkelland","265","156","109"
"Doesburg","104","67","37"
"Doetinchem","613","337","276"
"Dongen","348","187","161"
"Dordrecht","1 186","577","609"
"Drechterland","257","169","88"
"Drimmelen","374","205","169"
"Dronten","699","472","227"
"Druten","266","161","105"
"Duiven","319","198","121"
"Echt-Susteren","293","191","102"
"Edam-Volendam","387","226","161"
"Ede","1 418","790","628"
"Eemnes","179","100","79"
"Eemsdelta","251","198","53"
"Eersel","264","136","128"
"Eijsden-Margraten","257","156","101"
"Eindhoven","2 342","1 221","1 121"
"Elburg","225","147","78"
"Emmen","642","421","221"
"Enkhuizen","164","112","52"
"Enschede","1 058","568","490"
"Epe","379","231","148"
"Ermelo","318","176","142"
"Etten-Leur","611","318","293"
"De Fryske Marren","608","416","192"
"Geertruidenberg","263","142","121"
"Geldrop-Mierlo","463","278","185"
"Gemert-Bakel","377","231","146"
"Gennep","190","115","75"
"Gilze en Rijen","313","171","142"
"Goeree-Overflakkee","679","416","263"
"Goes","456","283","173"
"Goirle","338","181","157"
"Gooise Meren","1 267","584","683"
"Gorinchem","467","208","259"
"Gouda","779","392","387"
"'s-Gravenhage (gemeente)","4 718","2 523","2 195"
"Groningen (gemeente)","1 661","985","676"
"Gulpen-Wittem","141","99","42"
"Haaksbergen","223","118","105"
"Haarlem","1 730","773","957"
"Haarlemmermeer","2 690","1 454","1 236"
"Halderberge","387","229","158"
"Hardenberg","469","273","196"
"Harderwijk","532","282","250"
"Hardinxveld-Giessendam","175","74","101"
"Harlingen","107","72","35"
"Hattem","162","99","63"
"Heemskerk","404","256","148"
"Heemstede","563","282","281"
"Heerde","206","134","72"
"Heerenveen","624","394","230"
"Heerlen","508","338","170"
"Heeze-Leende","264","138","126"
"Heiloo","442","245","197"
"Den Helder","362","287","75"
"Hellendoorn","387","218","169"
"Helmond","986","525","461"
"Hendrik-Ido-Ambacht","523","226","297"
"Hengelo (O.)","717","404","313"
"'s-Hertogenbosch","2 407","1 083","1 324"
"Heumen","230","133","97"
"Heusden","720","362","358"
"Hillegom","286","129","157"
"Hilvarenbeek","213","120","93"
"Hilversum","1 236","573","663"
"Hoeksche Waard","1 418","689","729"
"Hof van Twente","419","244","175"
"Het Hogeland","326","246","80"
"Hollands Kroon","590","417","173"
"Hoogeveen","362","227","135"
"Hoorn","818","486","332"
"Horst aan de Maas","454","293","161"
"Houten","911","430","481"
"Huizen","652","342","310"
"Hulst","211","159","52"
"IJsselstein","489","200","289"
"Kaag en Braassem","516","280","236"
"Kampen","439","241","198"
"Kapelle","196","135","61"
"Katwijk","728","350","378"
"Kerkrade","241","161","80"
"Koggenland","274","184","90"
"Krimpen aan den IJssel","297","132","165"
"Krimpenerwaard","786","414","372"
"Laarbeek","288","157","131"
"Land van Cuijk","1 149","677","472"
"Landgraaf","253","199","54"
"Landsmeer","176","94","82"
"Lansingerland","1 396","676","720"
"Laren (NH.)","323","168","155"
"Leeuwarden","1 071","734","337"
"Leiden","984","512","472"
"Leiderdorp","338","163","175"
"Leidschendam-Voorburg","992","491","501"
"Lelystad","1 088","717","371"
"Leudal","403","271","132"
"Leusden","545","252","293"
"Lingewaard","632","349","283"
"Lisse","317","151","166"
"Lochem","565","376","189"
"Loon op Zand","330","153","177"
"Lopik","171","87","84"
"Losser","222","133","89"
"Maasdriel","400","225","175"
"Maasgouw","275","176","99"
"Maashorst","714","396","318"
"Maassluis","372","172","200"
"Maastricht","668","413","255"
"Medemblik","548","366","182"
"Meerssen","214","138","76"
"Meierijstad","1 105","592","513"
"Meppel","321","193","128"
"Middelburg (Z.)","357","233","124"
"Midden-Delfland","300","150","150"
"Midden-Drenthe","341","251","90"
"Midden-Groningen","466","330","136"
"Moerdijk","527","299","228"
"Molenlanden","546","270","276"
"Montferland","411","247","164"
"Montfoort","202","87","115"
"Mook en Middelaar","137","89","48"
"Neder-Betuwe","252","149","103"
"Nederweert","211","125","86"
"Nieuwegein","715","361","354"
"Nieuwkoop","522","257","265"
"Nijkerk","605","307","298"
"Nijmegen","1 611","906","705"
"Nissewaard","847","540","307"
"Noardeast-Fryslân","321","263","58"
"Noord-Beveland","114","94","20"
"Noordenveld","384","260","124"
"Noordoostpolder","537","338","199"
"Noordwijk","764","361","403"
"Nuenen, Gerwen en Nederwetten","425","207","218"
"Nunspeet","295","168","127"
"Oegstgeest","473","252","221"
"Oirschot","323","188","135"
"Oisterwijk","552","274","278"
"Oldambt","258","191","67"
"Oldebroek","194","116","78"
"Oldenzaal","316","169","147"
"Olst-Wijhe","212","143","69"
"Ommen","191","134","57"
"Oost Gelre","256","153","103"
"Oosterhout","848","440","408"
"Ooststellingwerf","248","182","66"
"Oostzaan","125","75","50"
"Opmeer","153","93","60"
"Opsterland","326","218","108"
"Oss","1 043","585","458"
"Oude IJsselstreek","362","241","121"
"Ouder-Amstel","256","109","147"
"Oudewater","146","70","76"
"Overbetuwe","736","421","315"
"Papendrecht","456","215","241"
"Peel en Maas","467","287","180"
"Pekela","71","60","11"
"Pijnacker-Nootdorp","1 072","553","519"
"Purmerend","976","604","372"
"Putten","285","152","133"
"Raalte","405","255","150"
"Reimerswaal","179","115","64"
"Renkum","567","348","219"
"Renswoude","68","34","34"
"Reusel-De Mierden","113","71","42"
"Rheden","521","301","220"
"Rhenen","255","123","132"
"Ridderkerk","524","252","272"
"Rijssen-Holten","340","176","164"
"Rijswijk (ZH.)","600","312","288"
"Roerdalen","190","131","59"
"Roermond","504","316","188"
"De Ronde Venen","876","434","442"
"Roosendaal","734","399","335"
"Rotterdam","5 449","2 463","2 986"
"Rozendaal","71","35","36"
"Rucphen","238","152","86"
"Schagen","581","394","187"
"Scherpenzeel","102","52","50"
"Schiedam","649","341","308"
"Schiermonnikoog","0","3","0"
"Schouwen-Duiveland","501","339","162"
"Simpelveld","99","62","37"
"Sint-Michielsgestel","503","237","266"
"Sittard-Geleen","748","473","275"
"Sliedrecht","226","119","107"
"Sluis","164","129","35"
"Smallingerland","495","323","172"
"Soest","878","447","431"
"Someren","201","99","102"
"Son en Breugel","311","177","134"
"Stadskanaal","153","106","47"
"Staphorst","103","65","38"
"Stede Broec","194","123","71"
"Steenbergen","297","167","130"
"Steenwijkerland","429","286","143"
"Stein (L.)","233","148","85"
"Stichtse Vecht","1 133","565","568"
"Súdwest-Fryslân","914","633","281"
"Terneuzen","366","275","91"
"Terschelling","25","23","2"
"Texel","116","92","24"
"Teylingen","619","308","311"
"Tholen","313","208","105"
"Tiel","444","230","214"
"Tilburg","2 205","1 143","1 062"
"Tubbergen","205","92","113"
"Twenterand","244","146","98"
"Tynaarlo","536","361","175"
"Tytsjerksteradiel","289","219","70"
"Uitgeest","214","105","109"
"Uithoorn","482","278","204"
"Urk","157","77","80"
"Utrecht (gemeente)","4 692","1 859","2 833"
"Utrechtse Heuvelrug","1 062","550","512"
"Vaals","64","51","13"
"Valkenburg aan de Geul","173","110","63"
"Valkenswaard","332","184","148"
"Veendam","187","120","67"
"Veenendaal","790","372","418"
"Veere","237","166","71"
"Veldhoven","628","348","280"
"Velsen","657","371","286"
"Venlo","767","443","324"
"Venray","475","301","174"
"Vijfheerenlanden","765","374","391"
"Vlaardingen","626","340","286"
"Vlieland","0","1","0"
"Vlissingen","239","175","64"
"Voerendaal","124","83","41"
"Voorne aan Zee","1 081","660","421"
"Voorschoten","328","164","164"
"Voorst","324","193","131"
"Vught","649","301","348"
"Waadhoeke","363","270","93"
"Waalre","308","177","131"
"Waalwijk","612","296","316"
"Waddinxveen","512","250","262"
"Wageningen","425","241","184"
"Wassenaar","585","331","254"
"Waterland","254","137","117"
"Weert","510","272","238"
"West Betuwe","815","446","369"
"West Maas en Waal","293","175","118"
"Westerkwartier","666","487","179"
"Westerveld","245","178","67"
"Westervoort","124","73","51"
"Westerwolde","155","114","41"
"Westland","1 600","768","832"
"Weststellingwerf","213","146","67"
"Wierden","343","175","168"
"Wijchen","599","346","253"
"Wijdemeren","470","246","224"
"Wijk bij Duurstede","367","204","163"
"Winterswijk","222","135","87"
"Woensdrecht","271","161","110"
"Woerden","826","376","450"
"De Wolden","285","190","95"
"Wormerland","200","115","85"
"Woudenberg","186","74","112"
"Zaanstad","1 370","769","601"
"Zaltbommel","441","249","192"
"Zandvoort","209","117","92"
"Zeewolde","449","260","189"
"Zeist","1 175","562","613"
"Zevenaar","495","298","197"
"Zoetermeer","1 574","891","683"
"Zoeterwoude","127","69","58"
"Zuidplas","833","409","424"
"Zundert","289","176","113"
"Zutphen","483","297","186"
"Zwartewaterland","207","113","94"
"Zwijndrecht","447","224","223"
"Zwolle","1 275","680","595"
""