"Gemeentenaam","Aantal personenauto's FEV van natuurlijke personen
en gekoppelde rechtspersonen","Aantal personenauto's FEV van natuurlijke personen","Aantal personenauto's FEV van rechtspersonen gekoppeld"
"AaenHunze","689","546","143"
"Aalsmeer","1084","697","387"
"Aalten","388","277","111"
"Achtkarspelen","320","248","72"
"Alblasserdam","340","187","153"
"Albrandswaard","927","554","373"
"Alkmaar","2121","1458","663"
"Almelo","1090","755","335"
"Almere","6489","4860","1629"
"AlphenaandenRijn","3043","1969","1074"
"Alphen-Chaam","277","190","87"
"Altena","1249","799","450"
"Ameland","44","41","3"
"Amersfoort","4337","2633","1704"
"Amstelveen","2717","1886","831"
"Amsterdam","13605","8878","4727"
"Apeldoorn","3592","2433","1159"
"Arnhem","3065","1978","1087"
"Assen","1076","811","265"
"Asten","387","274","113"
"Baarle-Nassau","115","81","34"
"Baarn","681","446","235"
"Barendrecht","1493","938","555"
"Barneveld","1140","748","392"
"Beek(L.)","326","239","87"
"Beekdaelen","758","565","193"
"Beesel","224","162","62"
"BergenDal","698","517","181"
"Bergeijk","399","274","125"
"Bergen(L.)","253","190","63"
"Bergen(NH.)","880","668","212"
"BergenopZoom","1286","881","405"
"Berkelland","756","584","172"
"Bernheze","847","579","268"
"Best","875","582","293"
"Beuningen","735","513","222"
"Beverwijk","716","499","217"
"DeBilt","1281","844","437"
"Bladel","424","321","103"
"Blaricum","606","408","198"
"Bloemendaal","952","644","308"
"Bodegraven-Reeuwijk","1023","645","378"
"Boekel","246","187","59"
"Borger-Odoorn","425","333","92"
"Borne","535","373","162"
"Borsele","425","337","88"
"Boxtel","782","524","258"
"Breda","4779","2804","1975"
"Bronckhorst","826","634","192"
"Brummen","520","377","143"
"Brunssum","343","270","73"
"Bunnik","528","368","160"
"Bunschoten","428","241","187"
"Buren","825","587","238"
"CapelleaandenIJssel","1357","871","486"
"Castricum","983","674","309"
"Coevorden","597","458","139"
"Cranendonck","421","296","125"
"Culemborg","798","539","259"
"Dalfsen","556","401","155"
"Dantumadiel","214","171","43"
"Delft","1565","999","566"
"Deurne","586","429","157"
"Deventer","1881","1256","625"
"Diemen","596","419","177"
"DijkenWaard","2082","1537","545"
"Dinkelland","471","365","106"
"Doesburg","191","132","59"
"Doetinchem","1097","739","358"
"Dongen","667","446","221"
"Dordrecht","2167","1356","811"
"Drechterland","474","372","102"
"Drimmelen","718","477","241"
"Dronten","1220","934","286"
"Druten","479","334","145"
"Duiven","589","415","174"
"Echt-Susteren","577","429","148"
"Edam-Volendam","674","493","181"
"Ede","2530","1729","801"
"Eemnes","307","209","98"
"Eemsdelta","537","432","105"
"Eersel","538","364","174"
"Eijsden-Margraten","526","394","132"
"Eindhoven","4445","2963","1482"
"Elburg","361","257","104"
"Emmen","1286","975","311"
"Enkhuizen","275","203","72"
"Enschede","1873","1241","632"
"Epe","680","501","179"
"Ermelo","588","400","188"
"Etten-Leur","1101","742","359"
"DeFryskeMarren","1093","847","246"
"Geertruidenberg","502","319","183"
"Geldrop-Mierlo","854","590","264"
"Gemert-Bakel","686","492","194"
"Gennep","356","261","95"
"GilzeenRijen","589","391","198"
"Goeree-Overflakkee","1144","823","321"
"Goes","764","570","194"
"Goirle","618","383","235"
"GooiseMeren","2157","1370","787"
"Gorinchem","822","491","331"
"Gouda","1432","875","557"
"'s-Gravenhage(gemeente)","8513","5712","2801"
"Groningen(gemeente)","2916","2076","840"
"Gulpen-Wittem","267","212","55"
"Haaksbergen","407","268","139"
"Haarlem","3046","1828","1218"
"Haarlemmermeer","4797","3258","1539"
"Halderberge","812","560","252"
"Hardenberg","923","663","260"
"Harderwijk","983","629","354"
"Hardinxveld-Giessendam","296","181","115"
"Harlingen","231","186","45"
"Hattem","294","196","98"
"Heemskerk","750","536","214"
"Heemstede","898","588","310"
"Heerde","370","278","92"
"Heerenveen","1103","807","296"
"Heerlen","1016","768","248"
"Heeze-Leende","470","322","148"
"Heiloo","691","489","202"
"DenHelder","735","634","101"
"Hellendoorn","658","468","190"
"Helmond","1872","1232","640"
"Hendrik-Ido-Ambacht","882","488","394"
"Hengelo(O.)","1314","908","406"
"'s-Hertogenbosch","4217","2504","1713"
"Heumen","426","309","117"
"Heusden","1319","875","444"
"Hillegom","465","297","168"
"Hilvarenbeek","407","277","130"
"Hilversum","2110","1326","784"
"HoekscheWaard","2516","1555","961"
"HofvanTwente","727","510","217"
"HetHogeland","657","552","105"
"HollandsKroon","1105","878","227"
"Hoogeveen","687","496","191"
"Hoorn","1453","1048","405"
"HorstaandeMaas","850","630","220"
"Houten","1541","939","602"
"Huizen","1098","730","368"
"Hulst","440","366","74"
"IJsselstein","900","496","404"
"KaagenBraassem","901","604","297"
"Kampen","863","600","263"
"Kapelle","311","234","77"
"Katwijk","1199","756","443"
"Kerkrade","540","426","114"
"Koggenland","510","386","124"
"KrimpenaandenIJssel","553","302","251"
"Krimpenerwaard","1310","848","462"
"Laarbeek","540","396","144"
"LandvanCuijk","2076","1458","618"
"Landgraaf","503","415","88"
"Landsmeer","321","233","88"
"Lansingerland","2454","1500","954"
"Laren(NH.)","491","345","146"
"Leeuwarden","1880","1427","453"
"Leiden","1748","1142","606"
"Leiderdorp","606","396","210"
"Leidschendam-Voorburg","1728","1117","611"
"Lelystad","2097","1602","495"
"Leudal","798","612","186"
"Leusden","961","596","365"
"Lingewaard","1207","810","397"
"Lisse","590","360","230"
"Lochem","1053","816","237"
"LoonopZand","581","363","218"
"Lopik","318","214","104"
"Losser","406","286","120"
"Maasdriel","751","535","216"
"Maasgouw","534","392","142"
"Maashorst","1326","927","399"
"Maassluis","713","433","280"
"Maastricht","1359","947","412"
"Medemblik","978","749","229"
"Meerssen","393","287","106"
"Meierijstad","2040","1339","701"
"Meppel","637","436","201"
"Middelburg(Z.)","722","516","206"
"Midden-Delfland","529","318","211"
"Midden-Drenthe","631","517","114"
"Midden-Groningen","939","762","177"
"Moerdijk","957","657","300"
"Molenlanden","891","583","308"
"Montferland","796","588","208"
"Montfoort","330","206","124"
"MookenMiddelaar","236","182","54"
"Neder-Betuwe","449","325","124"
"Nederweert","401","302","99"
"Nieuwegein","1306","795","511"
"Nieuwkoop","820","523","297"
"Nijkerk","999","640","359"
"Nijmegen","3058","2069","989"
"Nissewaard","1743","1246","497"
"Noardeast-Fryslân","563","478","85"
"Noord-Beveland","192","159","33"
"Noordenveld","657","512","145"
"Noordoostpolder","1010","770","240"
"Noordwijk","1292","855","437"
"Nuenen,GerwenenNederwetten","779","528","251"
"Nunspeet","483","349","134"
"Oegstgeest","826","559","267"
"Oirschot","579","423","156"
"Oisterwijk","1021","669","352"
"Oldambt","584","486","98"
"Oldebroek","394","278","116"
"Oldenzaal","517","338","179"
"Olst-Wijhe","408","301","107"
"Ommen","420","329","91"
"OostGelre","476","347","129"
"Oosterhout","1544","979","565"
"Ooststellingwerf","413","337","76"
"Oostzaan","234","160","74"
"Opmeer","260","189","71"
"Opsterland","599","453","146"
"Oss","1927","1290","637"
"OudeIJsselstreek","641","486","155"
"Ouder-Amstel","431","256","175"
"Oudewater","264","170","94"
"Overbetuwe","1321","902","419"
"Papendrecht","815","483","332"
"PeelenMaas","818","558","260"
"Pekela","134","113","21"
"Pijnacker-Nootdorp","1922","1277","645"
"Purmerend","1924","1401","523"
"Putten","475","311","164"
"Raalte","817","596","221"
"Reimerswaal","286","222","64"
"Renkum","941","668","273"
"Renswoude","114","67","47"
"Reusel-DeMierden","231","167","64"
"Rheden","916","635","281"
"Rhenen","420","278","142"
"Ridderkerk","936","578","358"
"Rijssen-Holten","635","412","223"
"Rijswijk(ZH.)","1147","771","376"
"Roerdalen","347","275","72"
"Roermond","974","689","285"
"DeRondeVenen","1491","964","527"
"Roosendaal","1425","946","479"
"Rotterdam","9609","5720","3889"
"Rozendaal","121","78","43"
"Rucphen","548","383","165"
"Schagen","1020","809","211"
"Scherpenzeel","166","106","60"
"Schiedam","1221","793","428"
"Schiermonnikoog","10","8","2"
"Schouwen-Duiveland","783","599","184"
"Simpelveld","199","145","54"
"Sint-Michielsgestel","875","566","309"
"Sittard-Geleen","1483","1061","422"
"Sliedrecht","396","245","151"
"Sluis","330","277","53"
"Smallingerland","890","666","224"
"Soest","1517","978","539"
"Someren","416","286","130"
"SonenBreugel","565","395","170"
"Stadskanaal","321","252","69"
"Staphorst","173","128","45"
"StedeBroec","353","263","90"
"Steenbergen","556","380","176"
"Steenwijkerland","818","638","180"
"Stein(L.)","446","316","130"
"StichtseVecht","1773","1161","612"
"Súdwest-Fryslân","1619","1267","352"
"Terneuzen","777","633","144"
"Terschelling","47","45","2"
"Texel","220","189","31"
"Teylingen","1056","680","376"
"Tholen","533","418","115"
"Tiel","840","545","295"
"Tilburg","4080","2673","1407"
"Tubbergen","375","238","137"
"Twenterand","465","333","132"
"Tynaarlo","970","755","215"
"Tytsjerksteradiel","542","447","95"
"Uitgeest","331","216","115"
"Uithoorn","920","641","279"
"Urk","198","123","75"
"Utrecht(gemeente)","7647","4188","3459"
"UtrechtseHeuvelrug","1675","1164","511"
"Vaals","145","125","20"
"ValkenburgaandeGeul","306","218","88"
"Valkenswaard","624","422","202"
"Veendam","369","291","78"
"Veenendaal","1296","737","559"
"Veere","407","320","87"
"Veldhoven","1177","807","370"
"Velsen","1224","783","441"
"Venlo","1476","992","484"
"Venray","857","624","233"
"Vijfheerenlanden","1408","884","524"
"Vlaardingen","1133","746","387"
"Vlieland","3","3","0"
"Vlissingen","496","399","97"
"Voerendaal","265","196","69"
"VoorneaanZee","2047","1448","599"
"Voorschoten","598","390","208"
"Voorst","602","414","188"
"Vught","1056","649","407"
"Waadhoeke","667","555","112"
"Waalre","532","364","168"
"Waalwijk","1094","694","400"
"Waddinxveen","942","582","360"
"Wageningen","745","533","212"
"Wassenaar","907","655","252"
"Waterland","460","334","126"
"Weert","1013","649","364"
"WestBetuwe","1489","1016","473"
"WestMaasenWaal","563","401","162"
"Westerkwartier","1221","970","251"
"Westerveld","451","353","98"
"Westervoort","259","179","80"
"Westerwolde","295","237","58"
"Westland","2736","1711","1025"
"Weststellingwerf","408","310","98"
"Wierden","591","410","181"
"Wijchen","1062","767","295"
"Wijdemeren","795","533","262"
"WijkbijDuurstede","606","412","194"
"Winterswijk","398","292","106"
"Woensdrecht","487","338","149"
"Woerden","1410","886","524"
"DeWolden","498","391","107"
"Wormerland","352","248","104"
"Woudenberg","326","197","129"
"Zaanstad","2632","1805","827"
"Zaltbommel","761","507","254"
"Zandvoort","355","255","100"
"Zeewolde","826","596","230"
"Zeist","1938","1231","707"
"Zevenaar","931","650","281"
"Zoetermeer","2948","2016","932"
"Zoeterwoude","233","157","76"
"Zuidplas","1490","937","553"
"Zundert","565","386","179"
"Zutphen","881","639","242"
"Zwartewaterland","356","257","99"
"Zwijndrecht","721","430","291"
"Zwolle","2413","1539","874"
""